model,task,pitch_class_kl_div_mean,pitch_class_kl_div_std,voice_leading_cost_mean,voice_leading_cost_std,rhythm_regularity_mean,rhythm_regularity_std,motif_development_mean,motif_development_std,perplexity_mean,perplexity_std
MusicTransformer,T1_Structure,0.32321234082420813,0.08244621658807626,2.865679399596423,0.5846115130831923,0.7694835770459886,0.11151115900414305,0.7182952776218999,0.12425571881648265,8.594708062585758,1.7093141254464264
MusicTransformer,T2_Style,0.2920715723226145,0.07777947894698818,2.8080486164538,0.6298268634008597,0.7215151149126707,0.10704667372201171,0.6374686367481978,0.1278196865007426,7.894780649719478,1.6629417272669311
MusicTransformer,T3_Edit,0.37152861752761446,0.08735207641263275,3.3011610626820582,0.6983393458107475,0.6453467404955098,0.0996252566622046,0.6378365179348833,0.13244899054907375,8.575389358747362,1.8001845448834946
REMI-Transformer,T1_Structure,0.27449046919764775,0.06927681053571293,2.469556750500664,0.49172748809995476,0.8219209154367442,0.10169944967147615,0.7522422744986377,0.11296974566829489,7.185079355064616,1.507385739570032
REMI-Transformer,T2_Style,0.2547607954440314,0.06342203644710487,2.509859695822932,0.4802495493172418,0.7552898790200917,0.09607539765139009,0.6832289592972378,0.1112539542832968,6.652668149276154,1.3274701422594746
REMI-Transformer,T3_Edit,0.32715416015095367,0.08148770590281793,3.0090681970988955,0.5784612051358877,0.6972645012963086,0.09344672861639507,0.6774426111007226,0.12699154993889333,7.157017474705987,1.4373311388829504
