file,prompt,tempo_bpm,spectral_centroid_mean,spectral_centroid_std,zero_crossing_rate_mean,rms_energy_mean,rms_energy_std,duration_sec
test_000.wav,"rock, 97 BPM, instrumentation: piano, bass, drums,...",95.703125,2111.962294831338,598.438652676121,0.05451449592074592,0.11316759139299393,0.043681930750608444,9.94
test_001.wav,"electronic, 78 BPM, instrumentation: guitar, bass,...",151.99908088235293,1947.0620618335588,1031.7224233678787,0.06823417467948718,0.1253385990858078,0.07932160794734955,9.94
test_002.wav,"techno, 97 BPM, instrumentation: piano, bass, drum...",95.703125,2282.5025816691646,1096.2104719403685,0.0834175590034965,0.06094936653971672,0.05171525478363037,9.94
