model,task,fad_vggish_mean,fad_vggish_std,fad_clap_mean,fad_clap_std,clap_score_mean,clap_score_std,tempo_error_bpm_mean,tempo_error_bpm_std,beat_f_measure_mean,beat_f_measure_std,key_stability_mean,key_stability_std,structure_f_score_mean,structure_f_score_std
MusicGen-Large,T1_Structure,18.190070819258743,3.1490390508624326,12.435704653013218,2.1036983667609026,0.7831789387093303,0.0835674421067466,4.223739624008213,1.771584693768541,0.7187139153149751,0.11968539089142512,0.6838849929308148,0.1351223308376788,0.6984487414398594,0.1349405770091408
MusicGen-Large,T2_Style,18.429913904360273,3.207965951498873,12.128386303892352,2.075742734450345,0.8328288375569661,0.07613133625757333,4.003199269442206,1.8166351975380974,0.7290984589063693,0.11353673337292933,0.6789067069337841,0.14523148169773867,0.5975954707332913,0.14160316469901185
MusicGen-Large,T3_Edit,18.224929476539405,3.2936339001672508,12.197524778866109,2.1839155982486123,0.7174114378103456,0.07946630528119647,4.219990710208469,1.763931215067156,0.7093775751199648,0.1178818646273452,0.6776960003466098,0.14916759280952874,0.5442944403199752,0.12648874439084837
StableAudio-Open,T1_Structure,15.343847899031774,2.851686323095805,10.05880583834612,1.891662427824799,0.7357123550708474,0.08835870560480785,5.135131247635238,2.1324080411807067,0.6808140660570055,0.12844100866179697,0.7029927648088169,0.1344834714665779,0.6591812676859564,0.15574452637260816
StableAudio-Open,T2_Style,15.242328853270974,2.7041323414703595,10.087537649258488,1.855886979458045,0.8075903311735165,0.08993723393350914,5.001202195379956,2.214234231763729,0.6934352944828799,0.1364898256315469,0.706908149222085,0.13962167141400114,0.5984285543083211,0.1474353453412301
StableAudio-Open,T3_Edit,15.217522839097168,2.9601441330301372,10.179334730945753,1.9362294032184397,0.688652130554595,0.08288334120116785,5.152027735785356,2.2414273826803983,0.6936712667144369,0.14049026662114028,0.69909360059727,0.1337269764248092,0.5176496747478108,0.12232324016746304
